{
    "mse": 0.7713214602087426,
    "rmse": 0.8782490877927187,
    "mae": 0.6745549379809228,
    "r2": 0.22935393985334263
}